Model Name,Non-Linear Constraints,Digits,Time Cost (s),Memory Required (MB)
196_25_10,18075,16,165.50351548194885,815.03515625
784_56_10,73416,18,690.1527416706085,1199.765625
14_5_11_80_10_3,523312,20,2933.297963142395,2136.6796875
28_6_16_10_5,2558720,23,24106.8904440403,11621.796875