Framework,Architecture,# Layers,# Parameters,Testing Size,Accuracy Loss (%),Avg Memory Usage (MB),Std Memory Usage,Avg Proving Time (s),Std Proving Time
opml (pytorch),Input-Dense-Dense (784x56x10),3,44543,2500,0.72,89.1208828125,2.254391994649578,3.6099741178512574,0.4217317863649381
opml (pytorch),Input-Dense-Dense (196x25x10),3,5185,5000,3.52,74.3519484375,1.419724552917377,0.8094403253555298,0.0743565636656938
circomlib-ml (tensorflow),Input-Dense-Dense (196x25x10),3,5185,2500,0.0,998.735128125,8.040169563463648,1.1694816182136536,0.1084907231971162
zkml (tensorflow),Input-Dense-Dense (196x25x10),3,5185,1000,0.1,2334.29562890625,12.335300742362184,21.263429507017136,0.294183256688111
zkml (tensorflow),Input-Dense-Dense (784x56x10),3,44543,1000,0.0,2357.36315625,11.750075689547986,22.0125432472229,0.31709638579823196
