Framework,Architecture,# Layers,# Parameters,Testing Size,Accuracy Loss (%),Avg Memory Usage (MB),Std Memory Usage,Avg Proving Time (s),Std Proving Time
opml (pytorch),Input-Dense-Dense (784 * 56 * 10),3,44543,250,0.4,88.99809375,2.285579182985664,3.655121666908264,0.4401261911437399
opml (pytorch),"Input-Dense-Dense (784 * 56 * 10, w/ relu)",3,44543,1000,20.9,89.122078125,2.2478460201783403,3.664727106809616,0.4339211161472094
opml (pytorch),Input-Dense-Dense (784 * 56 * 10),3,44543,2500,0.72,89.1208828125,2.254391994649578,3.6099741178512574,0.4217317863649381
opml (pytorch),Input-Dense-Dense (196 * 25 * 10,3,5185,5000,3.52,74.3519484375,1.419724552917377,0.8094403253555298,0.0743565636656938
circomlib-ml (tensorflow),Input-Dense-Dense (196 * 25 * 10,3,5185,2500,0.0,998.735128125,8.040169563463648,1.1694816182136536,0.10849072319711629
