Framework,Architecture,# Layers,# Parameters,Testing Size,Accuracy Loss (%),Avg Memory Usage (MB),Std Memory Usage,Avg Proving Time (s),Std Proving Time,Notes
circomlib-ml (tensorflow),input-conv2d-conv2d-dense_Kernal (784x6x16x10_5x5),4,5142,2500,0.08,18684.8511859375,129.0534375259171,43.75463623456955,3.259102972029692,non-linear constraints: 2558720
circomlib-ml (tensorflow),Input-Dense-Dense-Dense (196x24x14x10),4,5228,2500,0.88,315.435559375,1.6906806598040391,0.4529416603088378,0.0316126449468401, non-linear constraints: 24826
ezkl (pytorch),Input-Conv2d-Conv2d-Dense_Kernal (784x6x16x10_5x5),5,5142,2500,0.08,49.866471875,0.2223909790040422,0.1562554306983948,0.0087186920090168,mode=resource
ezkl (pytorch),Input-Dense-Dense-Dense (196x24x14x10),4,5228,2500,17.68,91.00399375,0.7250067885538027,0.6858497230529785,0.0241002936863524,mode=resource
zkml (tensorflow),Input-Conv2d-Conv2d-Dense_Kernal (784x6x16x10_5x5),5,5142,2500,0.08666666666666664,1760.1507489583332,12.589448009594928,15.212250325107574,0.8250167331343489,Combined 0-2500
zkml (tensorflow),Input-Dense-Dense-Dense (196x24x14x10),4,5228,2500,0.0,2338.480846875,13.611456038202688,22.1685414601326,0.5282627359149265,
