Framework,Architecture,# Layers,# Parameters,Testing Size,Accuracy Loss (%),Avg Memory Usage (MB),Std Memory Usage,Avg Proving Time (s),Std Proving Time,Notes
circomlib-ml (tensorflow),input-conv2d-conv2d-dense_Kernal (784x6x16x10_5x5),4,5142,2500,0.08,18684.8511859375,129.0534375259171,43.75463623456955,3.259102972029692,non-linear constraints: 2558720
circomlib-ml (tensorflow),Input-Conv2d-Conv2d-Dense-Dense-Dense_Kernal (784x6x16x120x84x10_5x5),6,44426,2500,0.0,19229.712890625,134.04421109364836,63.801468091011046,6.655692868040273,non-linear constraints: 22703268
ezkl (pytorch),Input-Conv2d-Conv2d-Dense_Kernal (784x6x16x10_5x5),5,5142,2500,0.08,49.866471875,0.2223909790040422,0.1562554306983948,0.0087186920090168,mode=resource
ezkl (pytorch),Input-Conv2d-Conv2d-Dense-Dense-Dense_Kernal (784x6x16x120x84x10_5x5),6,44530,2500,0.0,49.956265625,0.2028453983244115,0.2025856124877929,0.0078245883136257,mode=resource
zkml (tensorflow),Input-Conv2d-Conv2d-Dense_Kernal (784x6x16x10_5x5),5,5142,2500,0.08666666666666664,1760.1507489583332,12.589448009594928,15.212250325107574,0.8250167331343489,Combined 0-2500
zkml (tensorflow),Input-Conv2d-Conv2d-Dense-Dense-Dense_Kernal (784x6x16x120x84x10_5x5),6,44530,2500,0.04,1764.90855625,6.118766943245166,15.05950158071518,0.2576205806949553,
